line_id,request_id,item_desc,item_category,qty,unit_price,line_total,ship_date
1,1,Item for IT,IT,9,126.39,1137.51,2025-08-21
2,1,Item for IT,IT,4,163.7,654.8,2025-08-09
3,1,Item for IT,Finance,5,15.88,79.4,2025-09-10
4,2,Item for Operations,Training,5,309.49,1547.45,2025-06-06
5,2,Item for Operations,Finance,6,264.98,1589.88,2025-05-24
6,3,Item for IT,Legal,14,291.1,4075.4,2025-04-05
7,3,Item for IT,HR,5,134.45,672.25,2025-03-14
8,4,Item for IT,HR,2,247.02,494.04,2025-04-27
9,4,Item for IT,Training,13,185.32,2409.16,2025-04-17
10,5,Item for HR,Training,10,147.78,1477.8,2025-07-30
11,5,Item for HR,HR,2,10.0,20.0,2025-08-24
12,5,Item for HR,IT,10,146.61,1466.1,2025-08-08
13,5,Item for HR,Operations,8,337.08,2696.64,2025-08-24
14,5,Item for HR,Finance,10,65.5,655.0,2025-08-16
15,6,Item for Operations,Finance,8,233.19,1865.52,2025-07-28
16,6,Item for Operations,Training,8,295.94,2367.52,2025-08-01
17,7,Item for Training,HR,7,172.52,1207.64,2025-03-15
18,8,Item for Finance,HR,8,210.81,1686.48,
19,8,Item for Finance,Finance,4,103.7,414.8,2025-02-15
20,8,Item for Finance,Facilities,3,355.86,1067.58,2025-01-17
21,9,Item for Facilities,Operations,10,233.91,2339.1,
22,9,Item for Facilities,IT,6,115.06,690.36,2025-07-01
23,9,Item for Facilities,Facilities,8,272.86,2182.88,2025-06-01
24,10,Item for IT,IT,4,357.34,1429.36,2025-04-25
25,11,Item for Facilities,Training,10,315.46,3154.6,2025-05-18
26,12,Item for Legal,HR,8,193.66,1549.28,2025-01-10
27,12,Item for Legal,Facilities,12,227.59,2731.08,2025-01-17
28,12,Item for Legal,Training,14,91.0,1274.0,2025-02-02
29,13,Item for IT,Legal,5,194.49,972.45,2025-08-16
30,13,Item for IT,Operations,7,445.16,3116.12,2025-08-07
31,13,Item for IT,Legal,5,170.16,850.8,2025-08-03
32,13,Item for IT,Facilities,7,392.88,2750.16,2025-08-18
33,14,Item for Finance,Operations,9,188.68,1698.12,2025-03-30
34,14,Item for Finance,HR,3,189.69,569.07,2025-04-07
35,14,Item for Finance,Facilities,6,476.05,2856.3,2025-03-18
36,15,Item for IT,Finance,14,329.05,4606.7,2025-05-08
37,15,Item for IT,Facilities,8,169.94,1359.52,2025-04-14
38,15,Item for IT,Operations,1,197.65,197.65,2025-04-17
39,15,Item for IT,IT,2,231.28,462.56,2025-05-10
40,15,Item for IT,Legal,13,31.94,415.22,2025-04-22
41,16,Item for IT,Operations,10,237.5,2375.0,2025-04-16
42,16,Item for IT,Facilities,5,238.32,1191.6,2025-04-22
43,17,Item for Facilities,Legal,5,165.49,827.45,2025-07-16
44,17,Item for Facilities,HR,3,87.01,261.03,2025-08-07
45,17,Item for Facilities,Finance,6,16.92,101.52,2025-08-01
46,18,Item for Facilities,HR,13,351.51,4569.63,2025-06-10
47,18,Item for Facilities,Operations,10,423.36,4233.6,2025-06-20
48,18,Item for Facilities,Facilities,3,426.39,1279.17,
49,18,Item for Facilities,Legal,1,80.92,80.92,2025-06-20
50,19,Item for Legal,Facilities,6,246.31,1477.86,2025-06-07
51,19,Item for Legal,Training,13,148.18,1926.34,2025-06-09
52,20,Item for Legal,Facilities,11,93.67,1030.37,2025-09-22
53,21,Item for Training,Finance,12,94.51,1134.12,2025-02-25
54,22,Item for Operations,Finance,6,135.21,811.26,2025-02-10
55,22,Item for Operations,IT,9,242.74,2184.66,
56,22,Item for Operations,HR,14,205.84,2881.76,2025-02-02
57,23,Item for Operations,HR,5,129.99,649.95,2025-04-07
58,23,Item for Operations,Operations,10,43.89,438.9,2025-03-06
59,23,Item for Operations,Legal,4,211.99,847.96,2025-04-06
60,24,Item for Facilities,IT,12,217.52,2610.24,2025-07-21
61,24,Item for Facilities,Legal,4,85.51,342.04,2025-07-04
62,24,Item for Facilities,Training,10,85.57,855.7,2025-07-15
63,24,Item for Facilities,Facilities,9,136.87,1231.83,2025-07-10
64,25,Item for Legal,Facilities,5,198.32,991.6,2025-04-30
65,26,Item for Training,Operations,8,72.43,579.44,2025-07-13
66,26,Item for Training,Operations,12,216.57,2598.84,2025-07-20
67,27,Item for Facilities,Facilities,2,253.52,507.04,2025-07-15
68,27,Item for Facilities,Training,3,115.61,346.83,2025-07-03
69,27,Item for Facilities,IT,9,127.12,1144.08,2025-06-15
70,27,Item for Facilities,Operations,1,395.52,395.52,2025-07-02
71,27,Item for Facilities,Operations,12,164.54,1974.48,2025-06-30
72,28,Item for HR,Operations,1,218.28,218.28,2025-08-20
73,28,Item for HR,Facilities,6,252.39,1514.34,2025-09-13
74,29,Item for Training,Finance,7,308.47,2159.29,2025-07-14
75,29,Item for Training,Finance,8,163.7,1309.6,
76,29,Item for Training,Training,1,102.2,102.2,2025-07-24
77,29,Item for Training,HR,10,339.43,3394.3,
78,29,Item for Training,HR,6,107.8,646.8,2025-07-20
79,30,Item for HR,Facilities,8,305.97,2447.76,2025-09-23
80,31,Item for Finance,Facilities,7,190.66,1334.62,2025-07-04
81,31,Item for Finance,Training,3,37.11,111.33,2025-06-21
82,31,Item for Finance,Finance,12,168.47,2021.64,2025-07-15
83,31,Item for Finance,Training,9,291.85,2626.65,2025-06-27
84,32,Item for Finance,HR,2,176.98,353.96,2025-02-01
85,32,Item for Finance,Training,3,505.24,1515.72,2025-02-02
86,32,Item for Finance,Legal,11,221.94,2441.34,2025-03-03
87,32,Item for Finance,HR,14,202.91,2840.74,2025-02-10
88,33,Item for IT,Training,5,369.47,1847.35,2025-02-11
89,33,Item for IT,Facilities,12,177.54,2130.48,2025-02-08
90,33,Item for IT,Operations,1,318.29,318.29,2025-01-16
91,33,Item for IT,Training,10,223.33,2233.3,2025-02-09
92,33,Item for IT,Training,6,157.62,945.72,2025-01-18
93,34,Item for Training,Operations,11,233.21,2565.31,2025-06-01
94,35,Item for Finance,HR,12,287.86,3454.32,2025-06-19
95,35,Item for Finance,IT,12,132.17,1586.04,2025-06-09
96,35,Item for Finance,Training,7,150.71,1054.97,2025-06-13
97,36,Item for Finance,Operations,14,204.55,2863.7,2025-06-21
98,36,Item for Finance,Training,2,216.27,432.54,2025-07-06
99,36,Item for Finance,Finance,7,256.35,1794.45,2025-06-02
100,37,Item for Facilities,Finance,4,79.21,316.84,2025-03-14
101,37,Item for Facilities,IT,5,261.67,1308.35,2025-03-01
102,37,Item for Facilities,Facilities,3,221.55,664.65,2025-03-02
103,38,Item for IT,Legal,6,280.71,1684.26,2025-02-03
104,39,Item for Finance,Facilities,5,427.99,2139.95,2025-01-12
105,39,Item for Finance,Legal,14,188.27,2635.78,2025-01-29
106,39,Item for Finance,IT,10,369.41,3694.1,2025-02-11
107,39,Item for Finance,IT,3,301.21,903.63,2025-01-11
108,40,Item for Finance,Legal,12,259.43,3113.16,2025-04-27
109,40,Item for Finance,IT,8,244.07,1952.56,2025-04-25
110,40,Item for Finance,HR,8,420.58,3364.64,2025-05-03
111,41,Item for Facilities,Training,9,326.01,2934.09,
112,41,Item for Facilities,Legal,8,96.33,770.64,2025-01-14
113,41,Item for Facilities,Facilities,6,187.47,1124.82,2025-02-11
114,42,Item for Facilities,Training,5,179.74,898.7,
115,42,Item for Facilities,Training,5,88.72,443.6,2025-04-10
116,43,Item for Facilities,IT,1,228.6,228.6,2025-05-30
117,43,Item for Facilities,Legal,8,10.0,80.0,2025-05-08
118,43,Item for Facilities,HR,9,281.35,2532.15,2025-05-15
119,44,Item for Operations,Training,3,371.86,1115.58,2025-01-04
120,44,Item for Operations,HR,12,167.42,2009.04,2025-01-04
121,44,Item for Operations,IT,3,250.91,752.73,2025-02-03
122,44,Item for Operations,Legal,1,217.2,217.2,2025-01-08
123,44,Item for Operations,Facilities,6,110.9,665.4,2025-01-12
124,45,Item for Legal,HR,12,41.6,499.2,2025-02-17
125,45,Item for Legal,HR,1,132.49,132.49,2025-03-08
126,45,Item for Legal,IT,13,473.39,6154.07,2025-03-26
127,46,Item for Finance,Legal,4,162.89,651.56,2025-04-23
128,46,Item for Finance,IT,10,109.74,1097.4,2025-04-11
129,46,Item for Finance,Legal,9,215.86,1942.74,2025-04-15
130,47,Item for HR,HR,11,359.67,3956.37,2025-07-10
131,47,Item for HR,HR,1,377.67,377.67,2025-07-05
132,47,Item for HR,IT,13,114.88,1493.44,2025-07-09
133,48,Item for Finance,Training,10,217.38,2173.8,2025-04-21
134,48,Item for Finance,Operations,14,126.23,1767.22,2025-05-06
135,48,Item for Finance,Training,5,174.66,873.3,2025-04-23
136,48,Item for Finance,Operations,10,81.54,815.4,2025-04-18
137,48,Item for Finance,Legal,13,69.15,898.95,2025-04-14
138,49,Item for HR,Training,3,369.31,1107.93,2025-07-31
139,49,Item for HR,Facilities,3,126.51,379.53,2025-07-24
140,50,Item for Training,IT,1,243.38,243.38,2025-08-21
141,50,Item for Training,Finance,7,134.15,939.05,2025-08-30
142,51,Item for HR,Training,7,211.14,1477.98,2025-04-02
143,52,Item for Operations,Operations,6,164.48,986.88,2025-01-12
144,52,Item for Operations,Facilities,14,330.03,4620.42,2025-02-06
145,52,Item for Operations,Operations,12,379.52,4554.24,2025-01-26
146,52,Item for Operations,Finance,11,254.87,2803.57,2025-02-08
147,52,Item for Operations,IT,2,169.61,339.22,
148,53,Item for HR,Training,4,54.26,217.04,
149,54,Item for Operations,Operations,12,252.37,3028.44,2025-08-03
150,54,Item for Operations,Finance,4,359.16,1436.64,2025-07-08
151,55,Item for Operations,Facilities,1,194.48,194.48,2025-07-31
152,55,Item for Operations,Legal,13,62.4,811.2,2025-07-11
153,55,Item for Operations,Finance,6,182.18,1093.08,2025-07-13
154,55,Item for Operations,Operations,5,288.37,1441.85,2025-08-06
155,56,Item for IT,Operations,5,188.79,943.95,2025-04-06
156,56,Item for IT,HR,12,227.48,2729.76,2025-03-23
157,56,Item for IT,Training,11,187.12,2058.32,2025-04-15
158,56,Item for IT,HR,5,253.73,1268.65,2025-04-20
159,56,Item for IT,Operations,2,138.05,276.1,2025-04-06
160,57,Item for Legal,Training,13,118.82,1544.66,2025-02-01
161,57,Item for Legal,HR,5,207.33,1036.65,2025-01-12
162,58,Item for Operations,Facilities,13,259.27,3370.51,2025-04-24
163,58,Item for Operations,HR,13,332.12,4317.56,2025-04-09
164,58,Item for Operations,HR,8,435.0,3480.0,2025-04-18
165,59,Item for Finance,Legal,6,230.45,1382.7,
166,59,Item for Finance,Training,11,256.12,2817.32,
167,59,Item for Finance,Finance,9,185.05,1665.45,2025-08-21
168,59,Item for Finance,IT,10,59.29,592.9,2025-08-25
169,60,Item for IT,Legal,11,173.38,1907.18,2025-05-10
170,60,Item for IT,Finance,11,280.93,3090.23,2025-05-11
171,60,Item for IT,HR,4,187.2,748.8,
172,61,Item for Training,Facilities,1,366.85,366.85,2025-07-15
173,62,Item for Legal,Legal,11,286.72,3153.92,2025-07-02
174,62,Item for Legal,Operations,11,96.52,1061.72,2025-06-03
175,62,Item for Legal,Legal,14,330.14,4621.96,2025-06-24
176,63,Item for Training,Operations,14,258.79,3623.06,2025-03-11
177,64,Item for Operations,HR,8,287.01,2296.08,
178,65,Item for Training,Training,12,261.94,3143.28,2025-01-31
179,65,Item for Training,Legal,3,107.95,323.85,2025-01-31
180,65,Item for Training,Facilities,4,225.42,901.68,
181,65,Item for Training,Operations,3,453.13,1359.39,2025-02-04
182,65,Item for Training,Operations,13,294.15,3823.95,2025-02-10
183,66,Item for Facilities,Operations,7,143.19,1002.33,
184,67,Item for Training,Finance,13,275.4,3580.2,2025-02-18
185,67,Item for Training,Finance,3,299.54,898.62,2025-02-16
186,68,Item for Legal,HR,1,176.74,176.74,2025-06-06
187,69,Item for Finance,Finance,5,377.75,1888.75,2025-06-23
188,69,Item for Finance,Legal,14,142.57,1995.98,2025-06-02
189,69,Item for Finance,HR,4,251.04,1004.16,2025-06-20
190,70,Item for Training,Training,13,466.25,6061.25,2025-09-07
191,70,Item for Training,IT,7,266.75,1867.25,2025-08-27
192,70,Item for Training,Legal,1,297.47,297.47,
193,70,Item for Training,HR,6,222.77,1336.62,
194,71,Item for IT,IT,9,308.19,2773.71,2025-03-08
195,71,Item for IT,Training,1,222.19,222.19,2025-03-13
196,71,Item for IT,Facilities,2,73.64,147.28,2025-02-22
197,71,Item for IT,Finance,1,272.39,272.39,2025-03-16
198,72,Item for Training,IT,13,179.64,2335.32,2025-04-18
199,72,Item for Training,HR,8,98.91,791.28,2025-04-06
200,73,Item for Training,IT,1,249.26,249.26,2025-06-17
201,73,Item for Training,Facilities,4,73.35,293.4,2025-06-14
202,73,Item for Training,HR,12,327.02,3924.24,
203,73,Item for Training,Operations,6,200.06,1200.36,2025-06-28
204,73,Item for Training,Training,14,272.14,3809.96,2025-06-28
205,74,Item for Operations,IT,13,348.21,4526.73,2025-02-26
206,75,Item for HR,Legal,6,161.59,969.54,2025-06-25
207,76,Item for IT,Finance,4,316.51,1266.04,2025-06-14
208,77,Item for Finance,Training,2,392.27,784.54,2025-01-21
209,77,Item for Finance,Training,12,385.76,4629.12,2025-01-19
210,77,Item for Finance,IT,11,108.63,1194.93,2025-02-22
211,77,Item for Finance,HR,6,227.58,1365.48,
212,78,Item for HR,Operations,6,377.59,2265.54,2025-05-22
213,78,Item for HR,Training,3,10.0,30.0,2025-05-22
214,79,Item for HR,Training,11,177.08,1947.88,2025-09-01
215,79,Item for HR,IT,10,58.3,583.0,2025-09-04
216,79,Item for HR,Facilities,8,333.72,2669.76,2025-09-04
217,79,Item for HR,HR,6,171.48,1028.88,2025-08-13
218,79,Item for HR,Finance,9,223.07,2007.63,2025-09-09
219,80,Item for IT,Facilities,9,318.64,2867.76,2025-05-17
220,80,Item for IT,IT,9,37.83,340.47,2025-06-11
221,80,Item for IT,Facilities,7,173.22,1212.54,2025-06-01
222,80,Item for IT,Training,13,378.78,4924.14,2025-06-08
223,81,Item for HR,Finance,12,116.59,1399.08,2025-08-04
224,81,Item for HR,Facilities,5,195.06,975.3,2025-08-10
225,81,Item for HR,Operations,12,119.5,1434.0,2025-08-04
226,81,Item for HR,Facilities,9,275.56,2480.04,2025-08-04
227,81,Item for HR,Facilities,13,308.41,4009.33,2025-08-09
228,82,Item for Legal,Training,1,207.27,207.27,2025-03-22
229,83,Item for Operations,IT,9,333.74,3003.66,2025-06-02
230,84,Item for Facilities,Facilities,8,333.67,2669.36,2025-03-20
231,84,Item for Facilities,Legal,2,200.46,400.92,2025-03-08
232,84,Item for Facilities,Legal,6,10.0,60.0,2025-03-09
233,85,Item for Training,Training,14,132.36,1853.04,2025-07-07
234,85,Item for Training,Facilities,13,190.04,2470.52,2025-07-10
235,86,Item for Training,Training,2,148.49,296.98,2025-07-27
236,86,Item for Training,Training,3,270.63,811.89,2025-08-16
237,86,Item for Training,Legal,11,298.79,3286.69,
238,86,Item for Training,Training,2,190.33,380.66,
239,86,Item for Training,HR,3,101.31,303.93,2025-08-07
240,87,Item for HR,Legal,2,358.04,716.08,2025-07-26
241,87,Item for HR,Operations,4,286.37,1145.48,2025-08-04
242,88,Item for Facilities,Training,6,44.81,268.86,2025-06-21
243,88,Item for Facilities,Training,5,307.35,1536.75,2025-07-03
244,88,Item for Facilities,Facilities,8,10.0,80.0,2025-06-14
245,88,Item for Facilities,HR,6,147.59,885.54,2025-06-15
246,88,Item for Facilities,Finance,10,192.06,1920.6,2025-07-18
247,89,Item for Facilities,Legal,2,122.08,244.16,2025-07-16
248,89,Item for Facilities,Facilities,3,358.56,1075.68,2025-07-31
249,89,Item for Facilities,Facilities,10,343.04,3430.4,2025-07-25
250,90,Item for Legal,Operations,4,128.93,515.72,2025-07-31
251,90,Item for Legal,IT,10,16.85,168.5,
252,91,Item for Facilities,Facilities,8,203.91,1631.28,2025-06-18
253,91,Item for Facilities,HR,8,265.91,2127.28,2025-06-15
254,92,Item for Facilities,HR,7,516.11,3612.77,2025-02-22
255,92,Item for Facilities,Training,5,279.44,1397.2,2025-03-07
256,92,Item for Facilities,Facilities,13,264.68,3440.84,2025-03-16
257,92,Item for Facilities,Finance,7,211.06,1477.42,
258,93,Item for Operations,Facilities,5,162.01,810.05,2025-01-30
259,93,Item for Operations,IT,8,121.65,973.2,2025-02-02
260,93,Item for Operations,Training,1,345.61,345.61,
261,94,Item for Operations,Operations,5,314.36,1571.8,
262,94,Item for Operations,HR,8,10.0,80.0,2025-03-12
263,94,Item for Operations,Training,13,319.4,4152.2,2025-03-27
264,94,Item for Operations,Training,12,180.5,2166.0,2025-04-12
265,94,Item for Operations,IT,9,169.79,1528.11,2025-04-04
266,95,Item for Legal,Facilities,3,336.03,1008.09,2025-01-24
267,95,Item for Legal,HR,6,34.79,208.74,2025-02-01
268,95,Item for Legal,Finance,8,144.29,1154.32,
269,96,Item for Training,IT,10,10.0,100.0,
270,96,Item for Training,Finance,1,215.97,215.97,2025-07-27
271,97,Item for Legal,Facilities,11,153.92,1693.12,2025-05-09
272,98,Item for IT,Finance,1,230.02,230.02,2025-06-05
273,98,Item for IT,HR,7,297.93,2085.51,2025-06-04
274,98,Item for IT,IT,14,191.09,2675.26,
275,98,Item for IT,Facilities,13,155.81,2025.53,2025-06-01
276,99,Item for Operations,HR,1,144.83,144.83,2025-08-28
277,100,Item for Legal,Training,1,69.0,69.0,2025-08-20
278,101,Item for IT,Facilities,1,153.55,153.55,2025-08-11
279,101,Item for IT,Training,8,258.34,2066.72,2025-08-26
280,102,Item for IT,IT,13,349.75,4546.75,2025-04-23
281,102,Item for IT,Legal,1,10.0,10.0,2025-04-09
282,102,Item for IT,Legal,8,361.97,2895.76,2025-04-17
283,103,Item for Operations,Finance,3,80.43,241.29,2025-07-10
284,103,Item for Operations,Legal,4,166.42,665.68,2025-07-23
285,103,Item for Operations,Facilities,3,106.16,318.48,2025-07-14
286,104,Item for Finance,Training,7,200.33,1402.31,2025-05-31
287,104,Item for Finance,Training,8,208.37,1666.96,2025-05-23
288,105,Item for Legal,Training,6,123.23,739.38,2025-06-26
289,106,Item for Finance,Facilities,6,112.57,675.42,2025-03-25
290,106,Item for Finance,Training,2,46.63,93.26,2025-04-05
291,106,Item for Finance,Finance,1,366.47,366.47,2025-03-21
292,106,Item for Finance,HR,3,337.59,1012.77,2025-04-04
293,106,Item for Finance,HR,8,139.15,1113.2,
294,107,Item for Legal,HR,1,10.0,10.0,2025-07-12
295,107,Item for Legal,IT,12,381.63,4579.56,2025-08-05
296,108,Item for Finance,Facilities,1,126.4,126.4,
297,108,Item for Finance,Operations,10,404.68,4046.8,2025-06-29
298,108,Item for Finance,Finance,6,214.31,1285.86,2025-07-19
299,109,Item for Operations,Finance,13,411.89,5354.57,2025-08-31
300,109,Item for Operations,Legal,2,124.65,249.3,2025-09-11
301,109,Item for Operations,Legal,3,320.92,962.76,2025-08-21
302,110,Item for Finance,Operations,11,10.0,110.0,2025-06-17
303,111,Item for Operations,Legal,4,266.18,1064.72,2025-06-15
304,111,Item for Operations,HR,9,240.87,2167.83,2025-06-21
305,111,Item for Operations,Training,4,208.35,833.4,2025-06-12
306,111,Item for Operations,Legal,9,286.71,2580.39,2025-06-25
307,111,Item for Operations,HR,1,403.96,403.96,2025-06-28
308,112,Item for Finance,Facilities,12,198.35,2380.2,2025-02-26
309,113,Item for Operations,IT,11,201.9,2220.9,2025-06-16
310,114,Item for Finance,Finance,2,189.59,379.18,2025-05-03
311,114,Item for Finance,Operations,1,83.23,83.23,2025-05-16
312,115,Item for Legal,Training,2,10.0,20.0,2025-05-13
313,115,Item for Legal,IT,11,310.01,3410.11,2025-04-08
314,116,Item for Facilities,Operations,14,116.87,1636.18,
315,116,Item for Facilities,Training,1,218.46,218.46,2025-06-20
316,116,Item for Facilities,IT,12,291.98,3503.76,2025-06-28
317,117,Item for Legal,Training,8,149.55,1196.4,2025-07-26
318,117,Item for Legal,Operations,2,363.51,727.02,2025-07-25
319,118,Item for Facilities,Finance,6,255.87,1535.22,2025-02-27
320,118,Item for Facilities,Finance,13,361.14,4694.82,2025-03-10
321,119,Item for Operations,HR,7,288.47,2019.29,2025-03-06
322,120,Item for IT,Finance,10,180.97,1809.7,2025-05-01
323,121,Item for Legal,Training,13,174.93,2274.09,2025-01-29
324,121,Item for Legal,Finance,12,352.15,4225.8,2025-02-21
325,121,Item for Legal,Finance,9,37.87,340.83,2025-02-18
326,122,Item for HR,HR,4,41.31,165.24,2025-03-03
327,122,Item for HR,IT,13,327.79,4261.27,2025-03-22
328,122,Item for HR,IT,6,10.0,60.0,2025-02-20
329,122,Item for HR,Finance,12,250.41,3004.92,2025-03-09
330,122,Item for HR,Legal,5,272.82,1364.1,2025-03-10
331,123,Item for Operations,Legal,7,391.38,2739.66,2025-08-23
332,123,Item for Operations,Legal,12,144.01,1728.12,2025-08-20
333,123,Item for Operations,Legal,1,81.41,81.41,2025-09-03
334,123,Item for Operations,Facilities,10,10.0,100.0,2025-08-12
335,124,Item for IT,Finance,2,491.21,982.42,2025-06-13
336,124,Item for IT,Legal,6,251.96,1511.76,2025-06-18
337,124,Item for IT,Legal,12,231.02,2772.24,2025-06-08
338,124,Item for IT,Finance,1,204.59,204.59,2025-06-18
339,125,Item for Training,Operations,1,125.85,125.85,2025-09-06
340,125,Item for Training,HR,13,72.59,943.67,2025-09-06
341,126,Item for Facilities,HR,13,242.55,3153.15,2025-05-15
342,126,Item for Facilities,IT,10,194.61,1946.1,2025-05-01
343,126,Item for Facilities,Facilities,7,164.04,1148.28,2025-05-15
344,126,Item for Facilities,HR,13,193.98,2521.74,2025-05-01
345,126,Item for Facilities,IT,11,68.43,752.73,2025-05-23
346,127,Item for HR,Facilities,13,300.59,3907.67,2025-07-25
347,128,Item for Training,Operations,3,231.95,695.85,2025-02-10
348,128,Item for Training,HR,9,10.0,90.0,2025-01-27
349,128,Item for Training,Legal,14,348.49,4878.86,
350,128,Item for Training,Training,6,145.12,870.72,2025-01-24
351,129,Item for Operations,Legal,4,127.2,508.8,2025-03-09
352,129,Item for Operations,HR,4,225.35,901.4,2025-04-05
353,129,Item for Operations,Training,3,123.76,371.28,2025-03-11
354,129,Item for Operations,Facilities,11,57.24,629.64,2025-04-07
355,130,Item for Legal,Operations,2,174.93,349.86,2025-05-18
356,130,Item for Legal,Training,13,453.22,5891.86,
357,130,Item for Legal,IT,8,372.25,2978.0,2025-05-22
358,131,Item for HR,HR,5,10.0,50.0,2025-04-11
359,131,Item for HR,Operations,11,146.83,1615.13,2025-04-20
360,131,Item for HR,Facilities,1,142.46,142.46,2025-04-08
361,132,Item for Finance,Training,10,222.88,2228.8,2025-07-27
362,132,Item for Finance,Facilities,10,312.96,3129.6,2025-07-18
363,132,Item for Finance,Operations,9,109.03,981.27,2025-08-04
364,132,Item for Finance,IT,12,117.51,1410.12,2025-07-16
365,132,Item for Finance,Legal,10,91.07,910.7,2025-07-31
366,133,Item for Operations,Facilities,14,382.31,5352.34,2025-03-11
367,134,Item for Training,Operations,14,219.2,3068.8,2025-05-05
368,134,Item for Training,Finance,14,16.25,227.5,2025-04-16
369,134,Item for Training,Operations,6,181.22,1087.32,2025-04-09
370,135,Item for Training,IT,4,357.0,1428.0,2025-04-16
371,135,Item for Training,Legal,5,160.08,800.4,2025-04-09
372,135,Item for Training,Legal,2,258.99,517.98,2025-04-10
373,135,Item for Training,Legal,11,407.2,4479.2,2025-04-11
374,135,Item for Training,IT,2,212.46,424.92,2025-04-06
375,136,Item for Facilities,Facilities,6,339.37,2036.22,2025-09-17
376,136,Item for Facilities,Finance,13,102.65,1334.45,2025-09-12
377,136,Item for Facilities,Facilities,13,220.66,2868.58,2025-08-27
378,136,Item for Facilities,Training,6,191.85,1151.1,
379,136,Item for Facilities,Finance,5,274.65,1373.25,2025-09-17
380,137,Item for Finance,HR,10,359.47,3594.7,2025-04-10
381,137,Item for Finance,Finance,5,10.0,50.0,2025-03-10
382,137,Item for Finance,Facilities,3,23.0,69.0,2025-03-08
383,138,Item for Finance,Finance,4,326.55,1306.2,2025-04-14
384,139,Item for IT,Training,5,223.87,1119.35,2025-07-17
385,139,Item for IT,Legal,2,334.21,668.42,2025-08-01
386,139,Item for IT,Operations,11,265.92,2925.12,2025-08-13
387,139,Item for IT,Training,11,72.93,802.23,2025-08-04
388,140,Item for Finance,Operations,7,377.8,2644.6,2025-04-04
389,140,Item for Finance,Training,6,248.49,1490.94,2025-03-14
390,140,Item for Finance,IT,6,77.36,464.16,2025-04-01
391,140,Item for Finance,Facilities,13,178.5,2320.5,2025-03-30
392,140,Item for Finance,HR,12,47.84,574.08,2025-04-05
393,141,Item for Legal,Training,5,253.35,1266.75,2025-08-25
394,141,Item for Legal,HR,8,324.91,2599.28,2025-08-21
395,142,Item for Training,Facilities,14,224.8,3147.2,2025-03-20
396,142,Item for Training,Finance,7,288.62,2020.34,2025-03-20
397,143,Item for Legal,Training,5,229.74,1148.7,2025-04-18
398,143,Item for Legal,Finance,5,223.2,1116.0,2025-04-26
399,143,Item for Legal,Training,9,343.1,3087.9,2025-05-09
400,144,Item for Finance,Operations,7,185.59,1299.13,2025-01-16
401,144,Item for Finance,Training,14,259.24,3629.36,
402,144,Item for Finance,Operations,10,10.0,100.0,2025-02-07
403,144,Item for Finance,Training,6,347.84,2087.04,2025-02-10
404,144,Item for Finance,Legal,8,10.0,80.0,2025-01-27
405,145,Item for Finance,HR,14,30.2,422.8,
406,145,Item for Finance,Operations,10,44.01,440.1,2025-02-03
407,145,Item for Finance,Legal,6,196.23,1177.38,2025-01-23
408,145,Item for Finance,Legal,5,98.19,490.95,2025-02-19
409,145,Item for Finance,Finance,8,28.83,230.64,2025-02-04
410,146,Item for HR,HR,9,293.76,2643.84,2025-02-11
411,146,Item for HR,Finance,9,419.91,3779.19,2025-01-25
412,147,Item for Operations,Training,1,297.7,297.7,2025-07-13
413,147,Item for Operations,Training,10,194.13,1941.3,2025-06-27
414,147,Item for Operations,Finance,12,31.38,376.56,2025-07-19
415,147,Item for Operations,Legal,9,167.23,1505.07,2025-06-15
416,147,Item for Operations,IT,8,326.53,2612.24,2025-06-24
417,148,Item for HR,Legal,6,428.5,2571.0,2025-04-13
418,148,Item for HR,Facilities,4,395.12,1580.48,2025-03-26
419,148,Item for HR,Operations,6,227.91,1367.46,2025-03-21
420,148,Item for HR,Finance,6,173.63,1041.78,2025-04-19
421,148,Item for HR,Facilities,8,349.55,2796.4,2025-04-19
422,149,Item for Training,HR,12,132.55,1590.6,2025-07-11
423,149,Item for Training,Legal,14,216.25,3027.5,2025-06-30
424,149,Item for Training,Operations,4,10.0,40.0,2025-06-23
425,150,Item for Facilities,Finance,1,362.48,362.48,2025-04-09
426,150,Item for Facilities,Operations,13,282.67,3674.71,2025-03-21
427,151,Item for Training,HR,13,217.05,2821.65,2025-09-11
428,151,Item for Training,IT,7,268.96,1882.72,2025-09-22
429,151,Item for Training,Legal,13,194.63,2530.19,2025-09-03
430,152,Item for Training,Operations,2,54.33,108.66,2025-05-31
431,152,Item for Training,Training,13,335.72,4364.36,2025-05-19
432,152,Item for Training,HR,9,290.03,2610.27,2025-05-12
433,152,Item for Training,IT,7,28.93,202.51,2025-05-11
434,152,Item for Training,IT,12,297.55,3570.6,2025-06-06
435,153,Item for Facilities,Legal,1,215.74,215.74,2025-04-06
436,153,Item for Facilities,Operations,12,210.37,2524.44,2025-03-30
437,153,Item for Facilities,Operations,14,211.9,2966.6,2025-04-29
438,153,Item for Facilities,Finance,13,122.78,1596.14,2025-04-19
439,154,Item for IT,IT,6,384.06,2304.36,2025-02-17
440,154,Item for IT,Facilities,5,216.54,1082.7,2025-01-15
441,155,Item for Training,Legal,11,389.37,4283.07,2025-05-14
442,155,Item for Training,Training,7,318.25,2227.75,2025-05-13
443,155,Item for Training,IT,6,84.48,506.88,
444,155,Item for Training,Legal,9,82.28,740.52,2025-05-12
445,156,Item for IT,Operations,10,115.4,1154.0,2025-08-09
446,156,Item for IT,Operations,8,147.53,1180.24,2025-08-14
447,156,Item for IT,Finance,4,142.57,570.28,2025-07-28
448,157,Item for HR,Legal,9,148.33,1334.97,2025-07-31
449,157,Item for HR,HR,6,344.72,2068.32,2025-07-07
450,157,Item for HR,Finance,3,293.29,879.87,
451,157,Item for HR,Finance,3,276.25,828.75,2025-07-23
452,157,Item for HR,Training,2,65.91,131.82,2025-07-17
453,158,Item for Operations,IT,6,139.73,838.38,2025-03-03
454,159,Item for Legal,IT,6,140.87,845.22,2025-02-22
455,159,Item for Legal,HR,4,192.48,769.92,2025-02-16
456,159,Item for Legal,Facilities,8,10.0,80.0,2025-02-06
457,159,Item for Legal,Facilities,12,302.26,3627.12,2025-02-19
458,160,Item for IT,IT,8,350.17,2801.36,2025-07-11
459,160,Item for IT,HR,8,256.01,2048.08,2025-07-06
460,160,Item for IT,HR,7,260.76,1825.32,2025-08-07
461,161,Item for Finance,Facilities,5,217.87,1089.35,2025-01-10
462,161,Item for Finance,Training,14,118.47,1658.58,2025-01-20
463,161,Item for Finance,IT,7,230.93,1616.51,2025-02-06
464,161,Item for Finance,Finance,7,50.99,356.93,2025-02-09
465,161,Item for Finance,IT,2,150.37,300.74,2025-02-15
466,162,Item for Operations,Legal,10,426.52,4265.2,2025-03-08
467,163,Item for IT,Operations,13,141.39,1838.07,2025-07-19
468,163,Item for IT,Legal,13,250.41,3255.33,2025-07-19
469,163,Item for IT,Legal,13,145.86,1896.18,2025-07-10
470,164,Item for Legal,HR,11,266.21,2928.31,2025-07-04
471,164,Item for Legal,Finance,8,222.85,1782.8,2025-07-16
472,164,Item for Legal,Legal,5,253.91,1269.55,2025-07-17
473,164,Item for Legal,Legal,11,219.27,2411.97,2025-07-08
474,164,Item for Legal,Finance,13,206.4,2683.2,2025-06-28
475,165,Item for HR,Training,11,209.15,2300.65,2025-07-17
476,165,Item for HR,Training,3,178.42,535.26,2025-07-14
477,165,Item for HR,IT,8,123.58,988.64,2025-06-19
478,166,Item for HR,Legal,4,10.0,40.0,2025-04-26
479,166,Item for HR,Training,5,180.14,900.7,2025-04-17
480,166,Item for HR,Training,14,118.47,1658.58,2025-04-17
481,167,Item for Legal,Finance,2,18.26,36.52,2025-03-11
482,167,Item for Legal,Training,9,238.59,2147.31,2025-02-17
483,167,Item for Legal,Operations,3,17.9,53.7,2025-03-03
484,167,Item for Legal,HR,6,80.48,482.88,
485,167,Item for Legal,Legal,13,60.05,780.65,2025-03-10
486,168,Item for Operations,Legal,13,10.0,130.0,2025-08-08
487,168,Item for Operations,Operations,10,193.21,1932.1,2025-09-05
488,169,Item for Facilities,Facilities,6,346.28,2077.68,2025-07-25
489,169,Item for Facilities,HR,1,72.14,72.14,2025-08-08
490,169,Item for Facilities,IT,6,343.18,2059.08,2025-07-28
491,169,Item for Facilities,Facilities,4,378.59,1514.36,2025-08-04
492,170,Item for Facilities,IT,12,23.8,285.6,2025-05-18
493,171,Item for Facilities,Finance,1,84.38,84.38,2025-05-11
494,171,Item for Facilities,Training,5,125.13,625.65,2025-05-24
495,172,Item for Legal,IT,13,10.0,130.0,2025-01-20
496,172,Item for Legal,IT,14,437.73,6128.22,2025-02-09
497,173,Item for Operations,Facilities,14,144.8,2027.2,2025-06-07
498,174,Item for Finance,Finance,5,85.69,428.45,2025-06-13
499,174,Item for Finance,Operations,1,258.94,258.94,
500,174,Item for Finance,Facilities,6,157.04,942.24,2025-06-02
501,174,Item for Finance,Training,2,252.07,504.14,
502,174,Item for Finance,Training,11,280.63,3086.93,2025-06-03
503,175,Item for Finance,Finance,10,314.19,3141.9,2025-05-24
504,175,Item for Finance,Facilities,7,77.46,542.22,2025-05-28
505,176,Item for Operations,Training,13,64.19,834.47,2025-02-14
506,177,Item for Operations,HR,6,97.02,582.12,2025-07-09
507,177,Item for Operations,Training,14,88.15,1234.1,
508,177,Item for Operations,Finance,13,53.36,693.68,2025-07-17
509,177,Item for Operations,HR,4,260.21,1040.84,2025-06-23
510,178,Item for Operations,Legal,7,421.15,2948.05,2025-07-29
511,178,Item for Operations,Training,4,81.25,325.0,
512,178,Item for Operations,HR,14,170.73,2390.22,2025-07-19
513,179,Item for Facilities,Facilities,14,48.3,676.2,2025-07-25
514,179,Item for Facilities,Finance,6,68.79,412.74,2025-07-22
515,179,Item for Facilities,Finance,9,217.2,1954.8,
516,180,Item for HR,HR,5,64.57,322.85,2025-06-24
517,180,Item for HR,HR,12,307.15,3685.8,2025-07-03
518,180,Item for HR,Training,2,419.55,839.1,2025-06-12
519,181,Item for Legal,Finance,14,193.22,2705.08,2025-08-10
520,182,Item for Legal,Operations,4,154.07,616.28,
521,182,Item for Legal,Training,12,279.61,3355.32,2025-03-05
522,182,Item for Legal,Operations,12,113.09,1357.08,2025-03-22
523,182,Item for Legal,Training,11,79.25,871.75,2025-04-04
524,182,Item for Legal,IT,10,158.72,1587.2,2025-04-05
525,183,Item for Legal,Facilities,5,60.22,301.1,2025-08-31
526,183,Item for Legal,Operations,9,273.09,2457.81,2025-08-27
527,184,Item for Finance,IT,2,80.01,160.02,
528,185,Item for Training,Training,4,171.54,686.16,2025-01-31
529,185,Item for Training,Operations,4,134.5,538.0,2025-03-01
530,186,Item for HR,HR,12,95.57,1146.84,2025-05-29
531,186,Item for HR,Legal,7,107.23,750.61,2025-05-06
532,186,Item for HR,Legal,2,200.06,400.12,2025-05-04
533,186,Item for HR,Legal,4,10.0,40.0,2025-05-28
534,186,Item for HR,Facilities,3,304.9,914.7,
535,187,Item for Finance,Legal,5,342.41,1712.05,2025-03-17
536,187,Item for Finance,HR,6,372.36,2234.16,2025-03-15
537,187,Item for Finance,IT,7,10.0,70.0,2025-04-04
538,188,Item for Training,Facilities,6,285.05,1710.3,2025-07-14
539,189,Item for Training,HR,7,305.77,2140.39,2025-07-11
540,189,Item for Training,Legal,3,286.54,859.62,2025-07-13
541,189,Item for Training,Operations,6,214.77,1288.62,2025-07-21
542,189,Item for Training,IT,13,310.92,4041.96,2025-07-01
543,190,Item for Finance,Legal,4,104.52,418.08,2025-03-10
544,191,Item for Training,HR,1,177.94,177.94,2025-04-07
545,191,Item for Training,Facilities,4,61.6,246.4,2025-05-09
546,191,Item for Training,Training,5,336.48,1682.4,2025-05-03
547,192,Item for Finance,HR,4,263.84,1055.36,2025-02-19
548,192,Item for Finance,IT,11,243.4,2677.4,2025-02-13
549,192,Item for Finance,Training,6,190.33,1141.98,2025-02-22
550,192,Item for Finance,Operations,8,10.0,80.0,2025-02-26
551,192,Item for Finance,Finance,7,334.62,2342.34,2025-02-20
552,193,Item for Training,Legal,12,478.4,5740.8,2025-06-28
553,193,Item for Training,Facilities,11,332.47,3657.17,2025-07-21
554,193,Item for Training,Training,6,257.02,1542.12,2025-07-21
555,194,Item for HR,HR,3,241.41,724.23,2025-03-21
556,195,Item for IT,Legal,9,354.38,3189.42,2025-06-07
557,195,Item for IT,HR,12,284.73,3416.76,2025-06-19
558,195,Item for IT,IT,9,170.88,1537.92,2025-05-30
559,195,Item for IT,Operations,7,10.0,70.0,2025-06-18
560,196,Item for Training,HR,11,58.59,644.49,2025-06-03
561,196,Item for Training,Legal,3,199.86,599.58,2025-05-11
562,196,Item for Training,Legal,4,113.35,453.4,2025-06-06
563,196,Item for Training,IT,8,381.6,3052.8,2025-06-15
564,197,Item for Facilities,IT,7,377.78,2644.46,2025-09-12
565,197,Item for Facilities,IT,9,131.64,1184.76,2025-09-28
566,198,Item for IT,Training,12,108.06,1296.72,
567,199,Item for Operations,HR,6,209.69,1258.14,2025-04-25
568,199,Item for Operations,Facilities,3,118.27,354.81,2025-04-03
569,199,Item for Operations,IT,4,102.05,408.2,2025-04-22
570,200,Item for HR,Finance,12,209.38,2512.56,2025-08-31
571,200,Item for HR,Legal,11,436.71,4803.81,2025-08-19
572,201,Item for Training,Legal,7,33.68,235.76,2025-07-31
573,201,Item for Training,Finance,11,32.97,362.67,2025-08-03
574,202,Item for Operations,Legal,10,78.67,786.7,2025-02-13
575,202,Item for Operations,Finance,6,352.27,2113.62,2025-02-09
576,203,Item for Legal,Training,14,252.16,3530.24,2025-08-06
577,203,Item for Legal,HR,6,14.46,86.76,
578,203,Item for Legal,Finance,1,338.35,338.35,2025-07-19
579,203,Item for Legal,IT,5,178.71,893.55,2025-08-11
580,203,Item for Legal,Training,12,37.34,448.08,2025-08-04
581,204,Item for HR,Training,2,203.14,406.28,2025-07-07
582,204,Item for HR,HR,6,10.0,60.0,2025-07-08
583,204,Item for HR,Facilities,7,267.48,1872.36,2025-07-11
584,205,Item for Legal,Finance,9,153.46,1381.14,
585,206,Item for Legal,Facilities,10,294.95,2949.5,2025-07-01
586,206,Item for Legal,HR,3,139.01,417.03,2025-07-05
587,206,Item for Legal,Facilities,3,184.68,554.04,2025-06-29
588,206,Item for Legal,Training,8,132.73,1061.84,2025-06-24
589,206,Item for Legal,Training,4,326.67,1306.68,2025-06-19
590,207,Item for Facilities,Legal,5,530.09,2650.45,2025-02-28
591,207,Item for Facilities,Operations,2,221.03,442.06,2025-03-30
592,207,Item for Facilities,IT,11,39.59,435.49,2025-03-09
593,207,Item for Facilities,IT,9,277.42,2496.78,2025-03-07
594,207,Item for Facilities,Facilities,7,289.4,2025.8,2025-02-27
595,208,Item for Facilities,Facilities,2,316.42,632.84,2025-03-14
596,209,Item for Operations,IT,8,55.41,443.28,
597,210,Item for Legal,Legal,14,206.28,2887.92,2025-05-16
598,210,Item for Legal,Training,13,258.9,3365.7,2025-05-05
599,210,Item for Legal,Operations,6,48.63,291.78,2025-05-02
600,210,Item for Legal,IT,12,260.88,3130.56,2025-05-05
601,211,Item for Finance,Facilities,3,205.43,616.29,2025-05-01
602,211,Item for Finance,Legal,11,206.14,2267.54,2025-04-29
603,211,Item for Finance,IT,3,346.5,1039.5,2025-05-05
604,212,Item for Facilities,Operations,12,94.79,1137.48,2025-03-13
605,212,Item for Facilities,Legal,3,436.22,1308.66,2025-02-27
606,212,Item for Facilities,Legal,12,145.76,1749.12,2025-03-11
607,213,Item for Legal,Finance,7,130.19,911.33,2025-09-14
608,213,Item for Legal,Finance,14,59.13,827.82,2025-09-04
609,213,Item for Legal,Operations,1,67.21,67.21,2025-09-18
610,213,Item for Legal,Training,8,268.74,2149.92,2025-08-29
611,214,Item for IT,HR,6,342.11,2052.66,2025-08-12
612,214,Item for IT,Legal,13,101.62,1321.06,2025-08-04
613,214,Item for IT,Operations,5,219.59,1097.95,2025-07-14
614,215,Item for Legal,Legal,6,155.68,934.08,2025-01-27
615,216,Item for HR,Facilities,11,276.87,3045.57,
616,216,Item for HR,Legal,2,214.77,429.54,2025-02-27
617,216,Item for HR,HR,1,227.49,227.49,2025-02-28
618,216,Item for HR,Legal,3,328.92,986.76,2025-02-26
619,216,Item for HR,Training,3,100.72,302.16,2025-03-08
620,217,Item for Training,Legal,2,59.48,118.96,2025-07-15
621,217,Item for Training,Legal,5,430.44,2152.2,2025-07-21
622,218,Item for Facilities,Training,4,53.25,213.0,2025-07-23
623,219,Item for Training,Operations,9,10.0,90.0,2025-03-06
624,219,Item for Training,Facilities,4,377.61,1510.44,
625,219,Item for Training,Finance,9,187.12,1684.08,2025-03-17
626,219,Item for Training,Operations,2,319.93,639.86,2025-03-26
627,219,Item for Training,Finance,13,83.19,1081.47,2025-03-05
628,220,Item for Legal,HR,14,320.86,4492.04,2025-08-13
629,221,Item for Operations,IT,13,152.86,1987.18,2025-08-24
630,221,Item for Operations,Training,4,36.45,145.8,2025-07-25
631,222,Item for Operations,IT,7,15.16,106.12,2025-04-23
632,222,Item for Operations,IT,2,32.74,65.48,2025-05-08
633,222,Item for Operations,Legal,13,343.37,4463.81,2025-05-16
634,222,Item for Operations,Legal,3,307.36,922.08,2025-05-23
635,222,Item for Operations,Legal,4,99.88,399.52,2025-05-07
636,223,Item for HR,Finance,4,291.68,1166.72,2025-08-01
637,224,Item for Training,Facilities,7,248.33,1738.31,2025-04-24
638,224,Item for Training,Legal,1,90.66,90.66,2025-04-13
639,224,Item for Training,HR,8,156.86,1254.88,2025-04-05
640,225,Item for Finance,Legal,10,500.46,5004.6,2025-07-28
641,225,Item for Finance,Finance,8,152.68,1221.44,2025-07-18
642,225,Item for Finance,Facilities,3,181.78,545.34,
643,226,Item for HR,Facilities,14,100.17,1402.38,2025-05-25
644,226,Item for HR,Finance,4,186.89,747.56,2025-05-27
645,226,Item for HR,Training,9,204.08,1836.72,2025-05-03
646,226,Item for HR,Finance,3,220.27,660.81,2025-04-28
647,226,Item for HR,Training,11,264.7,2911.7,2025-05-28
648,227,Item for Legal,HR,9,317.4,2856.6,2025-09-07
649,227,Item for Legal,HR,3,128.83,386.49,2025-09-04
650,227,Item for Legal,Training,13,237.76,3090.88,2025-09-21
651,227,Item for Legal,Finance,8,237.68,1901.44,2025-09-04
652,227,Item for Legal,Training,6,78.63,471.78,2025-09-17
653,228,Item for Facilities,HR,14,183.15,2564.1,2025-05-01
654,228,Item for Facilities,Legal,14,236.91,3316.74,2025-04-20
655,228,Item for Facilities,HR,12,45.59,547.08,2025-04-25
656,229,Item for Operations,Facilities,9,212.96,1916.64,
657,229,Item for Operations,HR,6,10.0,60.0,2025-08-30
658,229,Item for Operations,Legal,4,32.35,129.4,2025-08-26
659,229,Item for Operations,Operations,3,98.9,296.7,2025-08-21
660,229,Item for Operations,Legal,4,248.38,993.52,2025-08-26
661,230,Item for IT,HR,7,143.18,1002.26,2025-04-18
662,231,Item for Training,Training,5,281.69,1408.45,
663,232,Item for Facilities,IT,7,299.53,2096.71,2025-07-21
664,232,Item for Facilities,Training,1,308.07,308.07,2025-06-19
665,233,Item for IT,IT,2,215.31,430.62,2025-06-22
666,233,Item for IT,Legal,7,173.22,1212.54,2025-06-25
667,233,Item for IT,IT,2,187.22,374.44,2025-06-07
668,233,Item for IT,Finance,5,145.54,727.7,2025-06-06
669,233,Item for IT,Legal,6,233.28,1399.68,2025-06-07
670,234,Item for Finance,Training,1,197.33,197.33,2025-03-06
671,234,Item for Finance,Finance,2,234.61,469.22,2025-03-16
672,235,Item for IT,Facilities,10,132.48,1324.8,2025-07-08
673,235,Item for IT,Finance,6,213.87,1283.22,2025-07-09
674,235,Item for IT,HR,9,66.03,594.27,2025-08-06
675,235,Item for IT,Operations,6,231.67,1390.02,2025-07-03
676,236,Item for Facilities,IT,1,402.99,402.99,2025-05-01
677,236,Item for Facilities,Operations,14,227.97,3191.58,2025-04-12
678,237,Item for Operations,HR,2,253.37,506.74,2025-01-03
679,237,Item for Operations,IT,6,270.34,1622.04,2025-01-28
680,237,Item for Operations,IT,4,150.51,602.04,2025-01-12
681,238,Item for IT,Operations,11,180.28,1983.08,2025-06-08
682,239,Item for Facilities,Finance,4,225.45,901.8,2025-03-27
683,239,Item for Facilities,Legal,3,87.9,263.7,2025-03-30
684,239,Item for Facilities,IT,6,273.68,1642.08,2025-04-14
685,239,Item for Facilities,HR,6,170.78,1024.68,2025-04-01
686,239,Item for Facilities,HR,1,86.74,86.74,2025-04-05
687,240,Item for IT,HR,11,154.06,1694.66,2025-03-04
688,240,Item for IT,Legal,2,185.15,370.3,2025-03-10
689,240,Item for IT,Finance,7,10.0,70.0,2025-03-12
690,240,Item for IT,IT,13,10.0,130.0,2025-03-11
691,241,Item for Legal,HR,10,341.83,3418.3,2025-02-14
692,241,Item for Legal,Operations,14,257.71,3607.94,2025-03-11
693,241,Item for Legal,IT,7,264.48,1851.36,2025-02-28
694,242,Item for IT,IT,10,310.93,3109.3,2025-06-08
695,243,Item for HR,Operations,12,182.01,2184.12,2025-08-26
696,243,Item for HR,Finance,7,28.02,196.14,2025-09-06
697,243,Item for HR,HR,12,156.14,1873.68,2025-09-30
698,244,Item for HR,IT,13,181.84,2363.92,2025-01-26
699,245,Item for Operations,IT,8,72.64,581.12,2025-02-24
700,246,Item for IT,Facilities,2,194.54,389.08,2025-04-21
701,246,Item for IT,IT,5,320.41,1602.05,2025-04-15
702,246,Item for IT,Operations,2,214.62,429.24,2025-04-11
703,246,Item for IT,Facilities,1,359.12,359.12,
704,246,Item for IT,Facilities,4,121.66,486.64,2025-03-31
705,247,Item for Facilities,HR,5,434.4,2172.0,2025-09-11
706,247,Item for Facilities,Facilities,3,184.55,553.65,2025-08-16
707,247,Item for Facilities,Finance,1,127.68,127.68,2025-08-17
708,247,Item for Facilities,Training,10,10.0,100.0,2025-09-18
709,248,Item for Facilities,Legal,6,367.21,2203.26,
710,248,Item for Facilities,Operations,14,285.27,3993.78,
711,248,Item for Facilities,Legal,6,133.48,800.88,2025-09-05
712,248,Item for Facilities,Legal,4,432.8,1731.2,2025-08-23
713,248,Item for Facilities,HR,11,227.56,2503.16,2025-09-09
714,249,Item for Legal,Facilities,3,89.37,268.11,2025-08-17
715,249,Item for Legal,IT,2,93.9,187.8,2025-08-25
716,249,Item for Legal,Operations,13,10.0,130.0,2025-08-27
717,249,Item for Legal,Operations,12,168.48,2021.76,
718,250,Item for IT,IT,7,159.63,1117.41,2025-08-28
719,251,Item for IT,Operations,2,256.87,513.74,2025-03-15
720,251,Item for IT,Operations,4,113.52,454.08,2025-03-26
721,251,Item for IT,Training,12,131.44,1577.28,2025-04-17
722,251,Item for IT,Finance,4,223.59,894.36,2025-04-11
723,252,Item for Training,Facilities,6,254.91,1529.46,2025-05-30
724,252,Item for Training,Facilities,5,154.21,771.05,2025-05-04
725,252,Item for Training,HR,10,298.78,2987.8,2025-05-02
726,253,Item for HR,IT,10,281.98,2819.8,2025-05-15
727,254,Item for Finance,Finance,6,249.26,1495.56,2025-03-08
728,254,Item for Finance,Training,14,305.63,4278.82,2025-02-11
729,254,Item for Finance,Training,7,127.01,889.07,2025-03-04
730,255,Item for HR,HR,10,243.57,2435.7,2025-06-29
731,255,Item for HR,IT,6,222.15,1332.9,2025-07-05
732,255,Item for HR,HR,10,306.7,3067.0,2025-07-20
733,255,Item for HR,Operations,3,146.12,438.36,2025-06-28
734,256,Item for Legal,Training,12,198.55,2382.6,2025-03-21
735,256,Item for Legal,Operations,8,133.4,1067.2,2025-02-27
736,256,Item for Legal,Operations,5,359.7,1798.5,2025-03-07
737,257,Item for Legal,Legal,8,18.21,145.68,2025-08-04
738,257,Item for Legal,Finance,13,103.87,1350.31,2025-07-31
739,257,Item for Legal,Operations,14,203.51,2849.14,2025-08-16
740,257,Item for Legal,Legal,8,167.57,1340.56,2025-07-17
741,258,Item for Facilities,IT,9,188.0,1692.0,
742,258,Item for Facilities,Operations,4,10.0,40.0,2025-07-31
743,258,Item for Facilities,IT,11,286.14,3147.54,2025-07-31
744,258,Item for Facilities,Training,11,135.75,1493.25,
745,258,Item for Facilities,Finance,8,190.51,1524.08,2025-07-20
746,259,Item for Training,Facilities,5,130.51,652.55,2025-05-13
747,260,Item for Training,Legal,13,10.0,130.0,2025-02-05
748,260,Item for Training,IT,12,294.03,3528.36,2025-01-22
749,261,Item for Legal,Operations,2,391.82,783.64,2025-01-20
750,261,Item for Legal,Finance,5,296.26,1481.3,2025-02-15
751,261,Item for Legal,IT,11,84.37,928.07,2025-02-09
752,262,Item for Finance,Legal,9,61.42,552.78,2025-09-01
753,262,Item for Finance,Training,13,72.36,940.68,2025-09-08
754,263,Item for Training,Training,2,116.66,233.32,2025-03-27
755,263,Item for Training,Training,2,150.25,300.5,2025-04-06
756,263,Item for Training,HR,9,313.28,2819.52,2025-04-15
757,263,Item for Training,Finance,5,273.57,1367.85,2025-03-29
758,264,Item for Operations,HR,3,96.63,289.89,2025-02-20
759,264,Item for Operations,Finance,6,15.49,92.94,2025-03-03
760,264,Item for Operations,HR,13,182.61,2373.93,2025-02-26
761,264,Item for Operations,Finance,1,165.2,165.2,2025-02-09
762,265,Item for Facilities,Operations,10,156.6,1566.0,
763,265,Item for Facilities,HR,5,10.0,50.0,2025-05-03
764,265,Item for Facilities,Operations,2,216.97,433.94,2025-05-09
765,265,Item for Facilities,IT,13,68.17,886.21,2025-05-13
766,265,Item for Facilities,Facilities,7,370.46,2593.22,2025-04-13
767,266,Item for Facilities,Legal,11,277.92,3057.12,2025-05-29
768,266,Item for Facilities,Training,3,297.34,892.02,2025-06-03
769,267,Item for Finance,Facilities,8,79.3,634.4,2025-09-08
770,267,Item for Finance,Legal,9,10.0,90.0,2025-08-23
771,268,Item for Training,HR,7,277.3,1941.1,2025-02-04
772,269,Item for Facilities,HR,12,12.25,147.0,
773,269,Item for Facilities,Facilities,2,47.43,94.86,2025-04-14
774,270,Item for Facilities,Legal,8,188.19,1505.52,2025-09-17
775,270,Item for Facilities,Finance,7,276.34,1934.38,
776,270,Item for Facilities,Finance,14,10.0,140.0,2025-09-13
777,271,Item for Training,Finance,11,306.96,3376.56,2025-06-15
778,271,Item for Training,Legal,13,200.51,2606.63,2025-06-04
779,271,Item for Training,Operations,12,394.28,4731.36,2025-06-11
780,272,Item for Facilities,Training,1,181.45,181.45,2025-02-12
781,272,Item for Facilities,Training,12,263.18,3158.16,
782,272,Item for Facilities,Operations,5,142.71,713.55,2025-02-21
783,272,Item for Facilities,Training,5,148.07,740.35,2025-02-18
784,273,Item for Training,Finance,4,295.26,1181.04,2025-02-09
785,273,Item for Training,Finance,9,141.9,1277.1,2025-02-24
786,273,Item for Training,HR,10,84.05,840.5,2025-02-22
787,273,Item for Training,Facilities,7,188.13,1316.91,2025-02-28
788,274,Item for IT,Finance,8,317.08,2536.64,2025-04-11
789,274,Item for IT,Facilities,14,188.26,2635.64,2025-05-18
790,274,Item for IT,IT,4,67.05,268.2,2025-05-13
791,274,Item for IT,IT,14,354.09,4957.26,2025-04-20
792,274,Item for IT,HR,1,10.0,10.0,2025-04-17
793,275,Item for Finance,Operations,8,316.73,2533.84,2025-07-20
794,275,Item for Finance,IT,6,214.14,1284.84,2025-08-13
795,275,Item for Finance,Facilities,1,347.95,347.95,2025-08-19
796,275,Item for Finance,Training,9,240.44,2163.96,
797,276,Item for Training,HR,12,169.24,2030.88,2025-07-30
798,276,Item for Training,HR,13,135.43,1760.59,2025-07-30
799,276,Item for Training,Facilities,2,221.44,442.88,2025-07-27
800,276,Item for Training,HR,2,252.21,504.42,2025-08-12
801,277,Item for Finance,Operations,5,190.83,954.15,2025-02-04
802,277,Item for Finance,IT,10,182.3,1823.0,2025-01-30
803,278,Item for Training,Facilities,3,192.52,577.56,2025-09-08
804,278,Item for Training,HR,13,178.68,2322.84,2025-08-16
805,278,Item for Training,Training,1,101.93,101.93,2025-09-05
806,279,Item for Legal,Operations,14,293.09,4103.26,2025-04-20
807,279,Item for Legal,Legal,11,225.14,2476.54,2025-03-27
808,280,Item for Finance,Legal,7,69.0,483.0,2025-08-04
809,280,Item for Finance,Facilities,11,319.72,3516.92,2025-07-07
810,281,Item for Legal,Training,5,165.58,827.9,2025-06-10
811,281,Item for Legal,Legal,7,192.82,1349.74,2025-06-08
812,282,Item for IT,Finance,13,259.23,3369.99,2025-07-22
813,282,Item for IT,HR,8,249.52,1996.16,2025-07-15
814,282,Item for IT,Finance,12,127.71,1532.52,2025-07-22
815,282,Item for IT,Legal,2,214.66,429.32,2025-07-01
816,283,Item for Legal,Legal,3,382.01,1146.03,
817,284,Item for Legal,Operations,10,113.57,1135.7,
818,284,Item for Legal,Legal,5,16.75,83.75,2025-02-21
819,284,Item for Legal,Operations,6,132.02,792.12,2025-01-27
820,284,Item for Legal,IT,4,65.58,262.32,2025-01-30
821,284,Item for Legal,HR,4,149.17,596.68,
822,285,Item for Finance,Facilities,5,36.13,180.65,2025-05-13
823,285,Item for Finance,Training,3,124.4,373.2,2025-05-24
824,285,Item for Finance,Legal,9,287.83,2590.47,2025-05-02
825,286,Item for Operations,Operations,11,68.78,756.58,2025-05-16
826,286,Item for Operations,Training,9,259.78,2338.02,2025-04-24
827,286,Item for Operations,Operations,12,325.6,3907.2,2025-04-14
828,286,Item for Operations,Finance,12,291.23,3494.76,2025-05-05
829,286,Item for Operations,Legal,7,336.84,2357.88,2025-04-21
830,287,Item for IT,Operations,3,499.86,1499.58,2025-03-31
831,287,Item for IT,Operations,11,103.42,1137.62,2025-04-07
832,287,Item for IT,HR,3,265.86,797.58,
833,287,Item for IT,Operations,7,248.69,1740.83,2025-04-29
834,287,Item for IT,Finance,2,176.93,353.86,2025-04-13
835,288,Item for Facilities,Legal,13,248.51,3230.63,2025-07-06
836,289,Item for Operations,Training,6,285.9,1715.4,2025-04-26
837,289,Item for Operations,Finance,1,233.19,233.19,2025-05-09
838,290,Item for Legal,HR,7,343.46,2404.22,2025-07-30
839,290,Item for Legal,Facilities,5,10.0,50.0,2025-07-22
840,290,Item for Legal,Legal,12,134.47,1613.64,2025-07-30
841,290,Item for Legal,HR,6,10.0,60.0,2025-07-17
842,290,Item for Legal,Facilities,7,445.05,3115.35,2025-08-01
843,291,Item for IT,Training,13,151.25,1966.25,2025-06-08
844,291,Item for IT,Finance,2,125.98,251.96,2025-05-16
845,292,Item for Legal,HR,9,171.41,1542.69,2025-07-24
846,292,Item for Legal,Operations,4,51.07,204.28,
847,292,Item for Legal,Operations,11,291.6,3207.6,2025-08-21
848,293,Item for Operations,Facilities,4,261.36,1045.44,2025-01-16
849,293,Item for Operations,IT,1,555.57,555.57,2025-02-02
850,293,Item for Operations,Finance,11,329.08,3619.88,2025-02-12
851,294,Item for Training,Operations,2,264.91,529.82,
852,294,Item for Training,Operations,2,305.14,610.28,2025-04-19
853,294,Item for Training,Facilities,2,231.45,462.9,2025-03-18
854,295,Item for Facilities,HR,5,10.0,50.0,2025-03-28
855,295,Item for Facilities,Finance,10,81.05,810.5,2025-03-10
856,296,Item for Training,Training,1,310.47,310.47,2025-05-22
857,296,Item for Training,Facilities,13,10.0,130.0,2025-05-27
858,296,Item for Training,Facilities,6,10.0,60.0,2025-06-01
859,297,Item for Legal,HR,11,111.85,1230.35,2025-01-20
860,298,Item for Operations,Training,6,10.0,60.0,2025-03-06
861,298,Item for Operations,Finance,8,174.5,1396.0,2025-03-14
862,298,Item for Operations,Legal,14,341.47,4780.58,2025-03-11
863,299,Item for Operations,HR,4,152.38,609.52,2025-09-01
864,299,Item for Operations,Finance,6,50.39,302.34,2025-09-22
865,299,Item for Operations,Finance,14,192.52,2695.28,2025-09-22
866,299,Item for Operations,Operations,13,258.91,3365.83,2025-08-30
867,300,Item for Facilities,Operations,9,302.01,2718.09,
868,300,Item for Facilities,Facilities,4,250.12,1000.48,2025-03-16
869,300,Item for Facilities,Operations,6,424.07,2544.42,
870,300,Item for Facilities,HR,7,349.19,2444.33,
871,301,Item for Finance,IT,7,188.22,1317.54,2025-07-30
872,301,Item for Finance,Facilities,5,226.51,1132.55,2025-08-28
873,301,Item for Finance,Finance,14,115.93,1623.02,2025-08-24
874,301,Item for Finance,Training,10,281.78,2817.8,2025-09-02
875,302,Item for IT,Facilities,1,254.25,254.25,2025-08-04
876,302,Item for IT,Training,1,166.14,166.14,2025-08-04
877,302,Item for IT,Operations,11,180.96,1990.56,2025-08-01
878,303,Item for Legal,Finance,5,350.28,1751.4,2025-07-15
879,304,Item for HR,Training,4,278.93,1115.72,2025-08-01
880,304,Item for HR,Legal,8,191.66,1533.28,2025-08-08
881,304,Item for HR,HR,4,363.03,1452.12,2025-07-26
882,304,Item for HR,Training,4,157.5,630.0,2025-08-10
883,305,Item for HR,Legal,4,124.49,497.96,2025-08-23
884,305,Item for HR,Training,2,140.7,281.4,2025-08-28
885,305,Item for HR,Finance,7,168.71,1180.97,2025-09-07
886,305,Item for HR,Legal,14,51.37,719.18,2025-09-13
887,306,Item for Legal,Operations,1,289.1,289.1,2025-04-24
888,306,Item for Legal,Legal,4,123.49,493.96,2025-04-17
889,306,Item for Legal,IT,7,216.23,1513.61,2025-05-07
890,307,Item for Finance,Training,13,106.8,1388.4,2025-04-16
891,307,Item for Finance,Legal,4,155.3,621.2,2025-05-06
892,307,Item for Finance,Operations,9,273.47,2461.23,2025-04-22
893,307,Item for Finance,Facilities,13,59.93,779.09,2025-04-23
894,307,Item for Finance,Operations,3,326.18,978.54,
895,308,Item for Facilities,Training,4,117.64,470.56,2025-05-08
896,308,Item for Facilities,Training,5,98.79,493.95,2025-05-02
897,309,Item for Facilities,Training,6,208.83,1252.98,2025-08-27
898,309,Item for Facilities,HR,13,183.48,2385.24,2025-08-27
899,309,Item for Facilities,IT,14,175.94,2463.16,2025-08-27
900,309,Item for Facilities,Facilities,3,102.51,307.53,2025-09-06
901,309,Item for Facilities,Operations,7,248.52,1739.64,2025-09-24
902,310,Item for Operations,Training,13,90.52,1176.76,2025-04-14
903,310,Item for Operations,Legal,10,107.65,1076.5,2025-05-04
904,311,Item for HR,Legal,13,265.68,3453.84,2025-06-23
905,311,Item for HR,Operations,8,364.97,2919.76,2025-07-02
906,311,Item for HR,HR,11,162.19,1784.09,2025-07-24
907,312,Item for Finance,Finance,8,208.53,1668.24,2025-03-11
908,312,Item for Finance,IT,13,172.02,2236.26,2025-03-11
909,312,Item for Finance,Finance,9,273.7,2463.3,2025-02-28
910,312,Item for Finance,Operations,8,95.7,765.6,
911,313,Item for Finance,IT,14,29.86,418.04,2025-02-11
912,313,Item for Finance,IT,1,214.25,214.25,2025-02-01
913,313,Item for Finance,Training,7,61.39,429.73,2025-01-21
914,314,Item for Operations,Finance,5,149.61,748.05,2025-04-24
915,314,Item for Operations,Operations,13,204.97,2664.61,2025-05-01
916,314,Item for Operations,HR,5,143.28,716.4,2025-04-28
917,314,Item for Operations,Legal,7,10.0,70.0,2025-05-06
918,314,Item for Operations,Operations,14,243.98,3415.72,
919,315,Item for Facilities,Legal,9,32.87,295.83,2025-02-02
920,315,Item for Facilities,Training,6,195.85,1175.1,2025-01-10
921,315,Item for Facilities,IT,3,293.74,881.22,2025-01-11
922,316,Item for Facilities,Facilities,5,232.23,1161.15,2025-05-07
923,316,Item for Facilities,Operations,9,161.18,1450.62,2025-05-10
924,316,Item for Facilities,Finance,2,60.99,121.98,2025-06-01
925,316,Item for Facilities,IT,10,278.28,2782.8,2025-04-30
926,316,Item for Facilities,Facilities,4,10.0,40.0,2025-05-09
927,317,Item for Facilities,Operations,14,256.19,3586.66,2025-02-06
928,318,Item for Training,Facilities,13,197.58,2568.54,
929,318,Item for Training,Legal,6,307.71,1846.26,2025-08-20
930,318,Item for Training,Facilities,12,335.63,4027.56,2025-08-22
931,318,Item for Training,Operations,10,237.24,2372.4,2025-07-24
932,319,Item for Legal,Operations,8,127.07,1016.56,2025-08-25
933,319,Item for Legal,Finance,14,237.38,3323.32,2025-08-17
934,319,Item for Legal,Operations,5,93.72,468.6,2025-07-31
935,320,Item for HR,Finance,6,133.83,802.98,2025-05-27
936,320,Item for HR,Training,11,202.89,2231.79,2025-05-02
937,320,Item for HR,HR,2,267.96,535.92,2025-05-29
938,321,Item for Operations,Operations,5,133.39,666.95,2025-08-29
939,321,Item for Operations,IT,8,227.55,1820.4,2025-08-25
940,321,Item for Operations,Finance,2,194.28,388.56,2025-08-21
941,322,Item for Legal,Finance,5,245.58,1227.9,2025-08-09
942,322,Item for Legal,IT,13,184.08,2393.04,2025-08-26
943,322,Item for Legal,Facilities,2,113.2,226.4,2025-07-22
944,322,Item for Legal,IT,5,279.53,1397.65,2025-08-01
945,322,Item for Legal,Finance,9,202.65,1823.85,2025-07-24
946,323,Item for Operations,Training,9,266.77,2400.93,2025-01-03
947,323,Item for Operations,Training,5,392.52,1962.6,2025-01-08
948,323,Item for Operations,Training,12,165.79,1989.48,2025-01-16
949,323,Item for Operations,Finance,13,270.16,3512.08,2025-01-09
950,323,Item for Operations,Operations,2,155.57,311.14,2025-01-13
951,324,Item for Training,IT,1,47.6,47.6,2025-08-31
952,324,Item for Training,HR,2,280.26,560.52,2025-08-28
953,324,Item for Training,Finance,12,150.56,1806.72,2025-09-16
954,324,Item for Training,IT,5,10.0,50.0,2025-09-04
955,325,Item for HR,HR,5,202.74,1013.7,2025-02-28
956,326,Item for Facilities,HR,14,288.5,4039.0,2025-09-14
957,326,Item for Facilities,HR,2,345.04,690.08,2025-09-13
958,326,Item for Facilities,Legal,6,195.95,1175.7,2025-09-12
959,326,Item for Facilities,Operations,3,276.19,828.57,2025-09-20
960,327,Item for Legal,HR,11,486.99,5356.89,2025-03-05
961,327,Item for Legal,Operations,13,28.09,365.17,2025-02-13
962,327,Item for Legal,HR,8,168.74,1349.92,2025-02-18
963,327,Item for Legal,Facilities,2,55.45,110.9,2025-03-10
964,327,Item for Legal,Training,4,88.44,353.76,2025-03-03
965,328,Item for Legal,HR,13,192.14,2497.82,2025-04-27
966,328,Item for Legal,HR,6,10.0,60.0,2025-04-28
967,328,Item for Legal,Operations,10,266.52,2665.2,2025-04-01
968,328,Item for Legal,IT,8,315.49,2523.92,2025-04-25
969,328,Item for Legal,Legal,14,98.52,1379.28,2025-04-18
970,329,Item for Training,Legal,9,198.31,1784.79,
971,329,Item for Training,Training,2,198.38,396.76,2025-05-10
972,329,Item for Training,HR,6,303.76,1822.56,
973,330,Item for Operations,Facilities,3,331.78,995.34,2025-06-03
974,330,Item for Operations,HR,12,154.42,1853.04,2025-05-13
975,330,Item for Operations,Training,5,229.73,1148.65,2025-05-24
976,330,Item for Operations,Legal,4,392.16,1568.64,2025-05-02
977,331,Item for Finance,HR,10,10.0,100.0,2025-04-25
978,331,Item for Finance,Legal,11,482.37,5306.07,2025-05-30
979,331,Item for Finance,Finance,2,190.88,381.76,2025-05-02
980,332,Item for HR,Legal,12,155.3,1863.6,
981,332,Item for HR,HR,8,304.49,2435.92,2025-08-25
982,332,Item for HR,HR,12,313.86,3766.32,2025-09-07
983,332,Item for HR,Facilities,5,190.9,954.5,2025-08-15
984,333,Item for Training,Facilities,5,10.0,50.0,
985,333,Item for Training,Training,1,569.22,569.22,2025-02-04
986,333,Item for Training,Finance,13,363.21,4721.73,2025-02-03
987,333,Item for Training,Legal,13,162.18,2108.34,2025-03-01
988,333,Item for Training,Facilities,1,171.42,171.42,2025-03-05
989,334,Item for Finance,Operations,2,206.42,412.84,2025-05-19
990,334,Item for Finance,Training,12,316.59,3799.08,2025-05-02
991,334,Item for Finance,Training,8,284.98,2279.84,2025-04-22
992,335,Item for Legal,Finance,1,239.74,239.74,2025-08-13
993,335,Item for Legal,Finance,10,245.71,2457.1,2025-08-07
994,335,Item for Legal,Legal,12,146.61,1759.32,2025-07-24
995,335,Item for Legal,Training,4,175.99,703.96,2025-08-04
996,335,Item for Legal,Finance,5,128.9,644.5,2025-07-13
997,336,Item for Finance,Finance,10,250.52,2505.2,2025-08-31
998,336,Item for Finance,Legal,7,320.2,2241.4,2025-09-12
999,337,Item for Finance,HR,10,200.27,2002.7,2025-09-12
1000,337,Item for Finance,Training,10,411.96,4119.6,2025-09-19
1001,338,Item for Finance,Finance,3,161.25,483.75,
1002,339,Item for Operations,HR,3,271.34,814.02,2025-04-16
1003,339,Item for Operations,Legal,11,144.83,1593.13,2025-04-07
1004,339,Item for Operations,Facilities,3,265.21,795.63,2025-05-04
1005,339,Item for Operations,Finance,2,286.59,573.18,2025-04-27
1006,340,Item for Finance,Training,13,165.53,2151.89,2025-08-19
1007,340,Item for Finance,Training,7,269.31,1885.17,2025-08-19
1008,341,Item for Finance,Facilities,3,356.36,1069.08,2025-05-04
1009,341,Item for Finance,IT,4,239.22,956.88,2025-04-07
1010,341,Item for Finance,Finance,10,33.28,332.8,2025-05-06
1011,341,Item for Finance,Legal,3,321.22,963.66,2025-04-26
1012,341,Item for Finance,Facilities,11,54.72,601.92,
1013,342,Item for Facilities,Operations,14,78.99,1105.86,
1014,343,Item for Operations,Training,1,10.0,10.0,2025-08-26
1015,343,Item for Operations,Operations,6,88.82,532.92,2025-08-22
1016,343,Item for Operations,Facilities,5,84.78,423.9,
1017,343,Item for Operations,IT,9,122.84,1105.56,2025-08-01
1018,344,Item for HR,IT,3,174.48,523.44,2025-02-27
1019,345,Item for Facilities,Operations,1,193.06,193.06,2025-09-13
1020,346,Item for HR,Training,8,229.25,1834.0,2025-02-16
1021,347,Item for Training,Finance,13,334.91,4353.83,2025-04-19
1022,347,Item for Training,IT,6,371.37,2228.22,2025-04-25
1023,347,Item for Training,IT,10,133.35,1333.5,2025-04-22
1024,348,Item for HR,Training,13,202.62,2634.06,2025-06-12
1025,348,Item for HR,Operations,9,10.0,90.0,2025-06-12
1026,349,Item for Facilities,Finance,12,174.76,2097.12,2025-05-30
1027,349,Item for Facilities,Legal,1,258.93,258.93,2025-05-12
1028,349,Item for Facilities,HR,11,318.64,3505.04,
1029,349,Item for Facilities,Facilities,13,227.9,2962.7,2025-05-31
1030,350,Item for Training,Facilities,7,308.18,2157.26,2025-03-25
1031,350,Item for Training,IT,14,95.14,1331.96,2025-04-09
1032,350,Item for Training,IT,4,315.52,1262.08,2025-04-14
1033,351,Item for Training,Operations,12,198.24,2378.88,2025-09-02
1034,351,Item for Training,IT,13,10.0,130.0,2025-09-23
1035,352,Item for IT,Operations,8,54.01,432.08,2025-07-11
1036,352,Item for IT,Finance,12,65.42,785.04,2025-06-24
1037,352,Item for IT,Operations,9,283.89,2555.01,2025-07-14
1038,353,Item for Operations,Legal,12,158.92,1907.04,2025-04-21
1039,353,Item for Operations,Finance,9,107.31,965.79,2025-04-12
1040,354,Item for HR,Legal,10,306.74,3067.4,
1041,354,Item for HR,Legal,11,66.39,730.29,2025-04-12
1042,354,Item for HR,Facilities,6,382.66,2295.96,2025-03-22
1043,355,Item for HR,Operations,2,10.0,20.0,
1044,355,Item for HR,Finance,1,133.16,133.16,2025-08-01
1045,355,Item for HR,IT,6,32.96,197.76,2025-08-16
1046,355,Item for HR,Operations,12,404.49,4853.88,2025-08-08
1047,355,Item for HR,Operations,3,107.98,323.94,2025-08-14
1048,356,Item for Finance,Legal,6,208.17,1249.02,2025-06-26
1049,356,Item for Finance,Facilities,2,278.8,557.6,2025-07-02
1050,356,Item for Finance,Facilities,3,363.9,1091.7,2025-07-08
1051,357,Item for Legal,Finance,4,51.97,207.88,
1052,357,Item for Legal,HR,14,10.0,140.0,2025-05-21
1053,358,Item for Operations,Finance,4,169.09,676.36,2025-01-25
1054,358,Item for Operations,Facilities,1,191.64,191.64,2025-01-15
1055,358,Item for Operations,HR,9,217.95,1961.55,2025-01-31
1056,358,Item for Operations,Training,7,211.74,1482.18,2025-02-01
1057,358,Item for Operations,Finance,2,204.87,409.74,2025-01-21
1058,359,Item for Training,Facilities,11,371.91,4091.01,2025-06-03
1059,360,Item for Training,Training,2,210.64,421.28,2025-04-14
1060,360,Item for Training,HR,12,227.78,2733.36,2025-03-27
1061,360,Item for Training,Operations,5,308.96,1544.8,2025-04-01
1062,360,Item for Training,HR,7,214.82,1503.74,2025-03-27
1063,360,Item for Training,HR,11,473.1,5204.1,2025-03-14
1064,361,Item for Operations,IT,12,97.73,1172.76,2025-03-30
1065,361,Item for Operations,Facilities,1,216.48,216.48,2025-03-18
1066,361,Item for Operations,Training,1,550.18,550.18,2025-03-01
1067,361,Item for Operations,Operations,1,94.23,94.23,2025-03-29
1068,361,Item for Operations,IT,5,368.5,1842.5,2025-03-17
1069,362,Item for IT,HR,7,78.82,551.74,2025-07-07
1070,362,Item for IT,Operations,6,268.97,1613.82,2025-08-07
1071,363,Item for IT,HR,1,226.24,226.24,
1072,363,Item for IT,IT,12,146.44,1757.28,2025-08-22
1073,363,Item for IT,HR,3,230.53,691.59,2025-09-10
1074,363,Item for IT,Legal,10,125.39,1253.9,2025-08-27
1075,364,Item for HR,Training,3,252.28,756.84,
1076,364,Item for HR,HR,13,274.41,3567.33,2025-02-22
1077,364,Item for HR,Legal,9,10.0,90.0,2025-02-15
1078,365,Item for Training,Finance,8,447.47,3579.76,2025-06-20
1079,365,Item for Training,Operations,11,107.08,1177.88,2025-06-14
1080,365,Item for Training,Finance,6,297.3,1783.8,2025-07-02
1081,365,Item for Training,Legal,10,124.02,1240.2,2025-07-16
1082,366,Item for Facilities,Training,10,83.03,830.3,2025-01-02
1083,366,Item for Facilities,Training,10,272.03,2720.3,2025-01-08
1084,366,Item for Facilities,Operations,1,314.95,314.95,2025-01-14
1085,367,Item for IT,Facilities,7,131.21,918.47,2025-03-09
1086,368,Item for Legal,Facilities,6,19.26,115.56,2025-01-26
1087,368,Item for Legal,Operations,13,298.32,3878.16,2025-01-30
1088,368,Item for Legal,Training,4,250.87,1003.48,2025-02-16
1089,369,Item for Facilities,Operations,11,101.88,1120.68,2025-04-16
1090,369,Item for Facilities,HR,8,63.94,511.52,2025-04-12
1091,370,Item for Finance,Operations,13,232.69,3024.97,2025-04-18
1092,370,Item for Finance,Legal,1,250.1,250.1,2025-05-06
1093,370,Item for Finance,Legal,4,39.7,158.8,
1094,370,Item for Finance,Facilities,14,286.9,4016.6,2025-04-07
1095,371,Item for Finance,Facilities,11,540.91,5950.01,2025-05-04
1096,371,Item for Finance,Legal,4,396.04,1584.16,2025-04-16
1097,371,Item for Finance,Operations,12,323.23,3878.76,2025-05-08
1098,372,Item for Legal,Finance,1,271.95,271.95,2025-07-08
1099,372,Item for Legal,IT,7,20.46,143.22,2025-08-09
1100,372,Item for Legal,Training,9,89.81,808.29,2025-07-26
1101,373,Item for Operations,Operations,8,197.14,1577.12,2025-06-19
1102,373,Item for Operations,Legal,11,10.0,110.0,2025-06-06
1103,373,Item for Operations,Legal,7,491.05,3437.35,2025-07-04
1104,373,Item for Operations,Legal,5,99.91,499.55,2025-06-14
1105,374,Item for Facilities,Training,13,18.8,244.4,2025-01-12
1106,374,Item for Facilities,HR,5,173.54,867.7,2025-01-06
1107,374,Item for Facilities,IT,2,182.57,365.14,2025-02-04
1108,374,Item for Facilities,HR,12,316.57,3798.84,2025-02-06
1109,374,Item for Facilities,Finance,10,10.0,100.0,2025-01-24
1110,375,Item for HR,Finance,9,116.32,1046.88,2025-07-17
1111,375,Item for HR,Operations,2,107.39,214.78,
1112,375,Item for HR,Training,9,140.24,1262.16,2025-07-19
1113,375,Item for HR,Training,4,24.56,98.24,2025-07-26
1114,376,Item for Operations,Facilities,14,282.42,3953.88,2025-01-23
1115,376,Item for Operations,HR,8,295.98,2367.84,2025-01-25
1116,376,Item for Operations,HR,1,10.0,10.0,2025-01-22
1117,376,Item for Operations,Operations,4,248.95,995.8,2025-02-10
1118,377,Item for Legal,Finance,1,242.6,242.6,2025-07-28
1119,377,Item for Legal,Facilities,1,155.62,155.62,
1120,377,Item for Legal,Facilities,12,160.65,1927.8,2025-08-16
1121,377,Item for Legal,Operations,1,141.33,141.33,2025-08-05
1122,378,Item for Training,Facilities,6,390.67,2344.02,
1123,378,Item for Training,Legal,4,204.72,818.88,2025-07-09
1124,378,Item for Training,Legal,10,367.18,3671.8,2025-08-02
1125,378,Item for Training,Operations,7,290.35,2032.45,
1126,378,Item for Training,Operations,12,298.57,3582.84,2025-07-09
1127,379,Item for Facilities,Finance,5,255.59,1277.95,2025-01-16
1128,379,Item for Facilities,Training,6,177.41,1064.46,2025-01-22
1129,379,Item for Facilities,Operations,4,40.32,161.28,
1130,379,Item for Facilities,Facilities,7,10.0,70.0,2025-01-28
1131,379,Item for Facilities,Facilities,1,202.45,202.45,2025-01-27
1132,380,Item for HR,Finance,8,82.15,657.2,2025-09-15
1133,380,Item for HR,Operations,10,115.51,1155.1,2025-09-06
1134,381,Item for Operations,HR,12,124.91,1498.92,2025-05-10
1135,382,Item for Facilities,Legal,6,54.89,329.34,2025-05-30
1136,382,Item for Facilities,IT,8,84.36,674.88,
1137,382,Item for Facilities,Legal,9,208.01,1872.09,
1138,382,Item for Facilities,Facilities,6,104.55,627.3,2025-06-09
1139,382,Item for Facilities,Finance,2,217.15,434.3,2025-06-26
1140,383,Item for HR,Operations,1,455.81,455.81,2025-08-18
1141,383,Item for HR,Finance,10,107.46,1074.6,2025-08-06
1142,384,Item for Operations,IT,3,10.0,30.0,2025-09-04
1143,384,Item for Operations,Facilities,14,193.16,2704.24,
1144,384,Item for Operations,Legal,4,342.08,1368.32,2025-09-17
1145,385,Item for Training,Training,4,290.68,1162.72,2025-05-31
1146,385,Item for Training,Training,11,173.37,1907.07,2025-05-14
1147,385,Item for Training,HR,4,441.71,1766.84,2025-04-27
1148,386,Item for Training,Operations,6,276.5,1659.0,2025-07-21
1149,386,Item for Training,HR,3,190.58,571.74,2025-07-21
1150,387,Item for Operations,IT,10,122.53,1225.3,2025-03-17
1151,387,Item for Operations,IT,1,180.58,180.58,2025-03-10
1152,388,Item for Operations,Facilities,14,201.48,2820.72,2025-09-06
1153,388,Item for Operations,Facilities,8,191.56,1532.48,2025-09-10
1154,388,Item for Operations,Training,5,92.2,461.0,2025-09-23
1155,388,Item for Operations,HR,2,114.62,229.24,2025-09-04
1156,388,Item for Operations,Training,14,153.87,2154.18,2025-09-05
1157,389,Item for Finance,Legal,14,424.09,5937.26,2025-06-25
1158,389,Item for Finance,Operations,9,321.08,2889.72,
1159,390,Item for IT,Legal,1,141.97,141.97,2025-06-07
1160,390,Item for IT,Facilities,13,301.01,3913.13,2025-05-28
1161,390,Item for IT,Finance,6,73.79,442.74,2025-05-23
1162,390,Item for IT,Facilities,1,10.0,10.0,2025-06-09
1163,391,Item for Operations,Finance,5,117.77,588.85,2025-02-11
1164,392,Item for Legal,HR,7,346.87,2428.09,2025-02-05
1165,392,Item for Legal,HR,3,385.9,1157.7,
1166,392,Item for Legal,Training,12,294.82,3537.84,2025-02-20
1167,392,Item for Legal,Finance,1,357.86,357.86,2025-02-02
1168,392,Item for Legal,Legal,13,225.26,2928.38,
1169,393,Item for Training,Operations,1,127.03,127.03,2025-01-24
1170,393,Item for Training,IT,14,293.65,4111.1,2025-02-19
1171,393,Item for Training,Legal,12,219.87,2638.44,2025-01-22
1172,393,Item for Training,IT,9,512.64,4613.76,2025-02-17
1173,394,Item for IT,Facilities,1,326.57,326.57,2025-08-19
1174,395,Item for HR,IT,6,195.68,1174.08,2025-05-26
1175,396,Item for Facilities,Operations,14,10.0,140.0,2025-06-01
1176,396,Item for Facilities,Finance,12,348.11,4177.32,2025-05-23
1177,397,Item for Facilities,Training,8,53.9,431.2,2025-04-22
1178,397,Item for Facilities,HR,7,198.97,1392.79,2025-03-22
1179,397,Item for Facilities,HR,10,179.04,1790.4,2025-04-19
1180,398,Item for IT,Facilities,2,203.03,406.06,
1181,398,Item for IT,Finance,11,199.12,2190.32,2025-03-11
1182,398,Item for IT,Legal,12,224.23,2690.76,2025-02-21
1183,398,Item for IT,IT,13,26.77,348.01,2025-03-14
1184,399,Item for Training,Finance,10,282.43,2824.3,2025-02-27
1185,399,Item for Training,Training,3,47.49,142.47,2025-03-08
1186,400,Item for IT,HR,7,154.57,1081.99,2025-07-24
